,No_ID,Site,Genotype,Stage,Plot,Plant,Date,Compartment,Name_Id,Timepoint,Type,IsolationMethod,ID,is.neg
MRC.CELRK.V5.1.1.rhizosphere_S114_L001,117,MRC,CELRK,V5,1,1,7/10/18,rhizosphere,MRC_CELRK_V5_1_1_rhizosphere,2,sample,Griffith,MRC.CELRK.V5.1.1.rhizosphere_S114_L001,FALSE
MRC.CELRK.V5.1.2.rhizosphere_S35_L001,118,MRC,CELRK,V5,1,2,7/10/18,rhizosphere,MRC_CELRK_V5_1_2_rhizosphere,2,sample,Griffith,MRC.CELRK.V5.1.2.rhizosphere_S35_L001,FALSE
MRC.CELRK.V5.1.3.rhizosphere_S4_L001,119,MRC,CELRK,V5,1,3,7/10/18,rhizosphere,MRC_CELRK_V5_1_3_rhizosphere,2,sample,Griffith,MRC.CELRK.V5.1.3.rhizosphere_S4_L001,FALSE
MRC.CELRK.V5.2.1.rhizosphere_S53_L001,120,MRC,CELRK,V5,2,1,7/10/18,rhizosphere,MRC_CELRK_V5_2_1_rhizosphere,2,sample,Griffith,MRC.CELRK.V5.2.1.rhizosphere_S53_L001,FALSE
MRC.CELRK.V5.2.2.rhizosphere_S49_L001,121,MRC,CELRK,V5,2,2,7/10/18,rhizosphere,MRC_CELRK_V5_2_2_rhizosphere,2,sample,Griffith,MRC.CELRK.V5.2.2.rhizosphere_S49_L001,FALSE
MRC.CELRK.V5.2.3.rhizosphere_S108_L001,122,MRC,CELRK,V5,2,3,7/10/18,rhizosphere,MRC_CELRK_V5_2_3_rhizosphere,2,sample,Griffith,MRC.CELRK.V5.2.3.rhizosphere_S108_L001,FALSE
MRC.CELRK.V5.3.1.rhizosphere_S85_L001,123,MRC,CELRK,V5,3,1,7/10/18,rhizosphere,MRC_CELRK_V5_3_1_rhizosphere,2,sample,Griffith,MRC.CELRK.V5.3.1.rhizosphere_S85_L001,FALSE
MRC.CELRK.V5.3.2.rhizosphere_S42_L001,124,MRC,CELRK,V5,3,2,7/10/18,rhizosphere,MRC_CELRK_V5_3_2_rhizosphere,2,sample,Griffith,MRC.CELRK.V5.3.2.rhizosphere_S42_L001,FALSE
MRC.CELRK.V5.3.3.rhizosphere_S11_L001,125,MRC,CELRK,V5,3,3,7/10/18,rhizosphere,MRC_CELRK_V5_3_3_rhizosphere,2,sample,Griffith,MRC.CELRK.V5.3.3.rhizosphere_S11_L001,FALSE
MRF.CELRK.dry.1.1.rhizoplane_S86_L001,195,MRC,CELRK,dry,1,1,9/6/18,rhizoplane,MRF_CELRK_dry_1_1_rhizoplane,6,sample,Griffith,MRF.CELRK.dry.1.1.rhizoplane_S86_L001,FALSE
MRF.CELRK.dry.1.1.rhizosphere_S45_L001,70,MRC,CELRK,dry,1,1,9/6/18,rhizosphere,MRF_CELRK_dry_1_1_rhizosphere,6,sample,Griffith,MRF.CELRK.dry.1.1.rhizosphere_S45_L001,FALSE
MRF.CELRK.dry.1.2.rhizoplane_S41_L001,196,MRC,CELRK,dry,1,2,9/6/18,rhizoplane,MRF_CELRK_dry_1_2_rhizoplane,6,sample,Griffith,MRF.CELRK.dry.1.2.rhizoplane_S41_L001,FALSE
MRF.CELRK.dry.1.2.rhizosphere_S125_L001,71,MRC,CELRK,dry,1,2,9/6/18,rhizosphere,MRF_CELRK_dry_1_2_rhizosphere,6,sample,Griffith,MRF.CELRK.dry.1.2.rhizosphere_S125_L001,FALSE
MRF.CELRK.dry.2.1.rhizoplane_S38_L001,197,MRC,CELRK,dry,2,1,9/6/18,rhizoplane,MRF_CELRK_dry_2_1_rhizoplane,6,sample,Griffith,MRF.CELRK.dry.2.1.rhizoplane_S38_L001,FALSE
MRF.CELRK.dry.2.1.rhizosphere_S94_L001,72,MRC,CELRK,dry,2,1,9/6/18,rhizosphere,MRF_CELRK_dry_2_1_rhizosphere,6,sample,Griffith,MRF.CELRK.dry.2.1.rhizosphere_S94_L001,FALSE
MRF.CELRK.dry.2.2.rhizoplane_S133_L001,198,MRC,CELRK,dry,2,2,9/6/18,rhizoplane,MRF_CELRK_dry_2_2_rhizoplane,6,sample,Griffith,MRF.CELRK.dry.2.2.rhizoplane_S133_L001,FALSE
MRF.CELRK.dry.2.2.rhizosphere_S23_L001,73,MRC,CELRK,dry,2,2,9/6/18,rhizosphere,MRF_CELRK_dry_2_2_rhizosphere,6,sample,Griffith,MRF.CELRK.dry.2.2.rhizosphere_S23_L001,FALSE
MRF.CELRK.dry.3.1.rhizoplane_S31_L001,199,MRC,CELRK,dry,3,1,9/6/18,rhizoplane,MRF_CELRK_dry_3_1_rhizoplane,6,sample,Griffith,MRF.CELRK.dry.3.1.rhizoplane_S31_L001,FALSE
MRF.CELRK.dry.3.1.rhizosphere_S96_L001,74,MRC,CELRK,dry,3,1,9/6/18,rhizosphere,MRF_CELRK_dry_3_1_rhizosphere,6,sample,Griffith,MRF.CELRK.dry.3.1.rhizosphere_S96_L001,FALSE
MRF.CELRK.dry.3.2.rhizoplane_S81_L001,200,MRC,CELRK,dry,3,2,9/6/18,rhizoplane,MRF_CELRK_dry_3_2_rhizoplane,6,sample,Griffith,MRF.CELRK.dry.3.2.rhizoplane_S81_L001,FALSE
MRF.CELRK.dry.3.2.rhizosphere_S109_L001,75,MRC,CELRK,dry,3,2,9/6/18,rhizosphere,MRF_CELRK_dry_3_2_rhizosphere,6,sample,Griffith,MRF.CELRK.dry.3.2.rhizosphere_S109_L001,FALSE
MRF.CELRK.dry.3.3.rhizoplane_S123_L001,201,MRC,CELRK,dry,3,3,9/6/18,rhizoplane,MRF_CELRK_dry_3_3_rhizoplane,6,sample,Griffith,MRF.CELRK.dry.3.3.rhizoplane_S123_L001,FALSE
MRF.CELRK.dry.3.3.rhizosphere_S44_L001,76,MRC,CELRK,dry,3,3,9/6/18,rhizosphere,MRF_CELRK_dry_3_3_rhizosphere,6,sample,Griffith,MRF.CELRK.dry.3.3.rhizosphere_S44_L001,FALSE
MRF.CELRK.flowering.pod.2.2.rhizoplane_S25_L001,204,MRC,CELRK,flowering/pod,2,2,8/2/18,rhizoplane,MRF_CELRK_flowering_pod_2_2_rhizoplane,3,sample,Griffith,MRF.CELRK.flowering.pod.2.2.rhizoplane_S25_L001,FALSE
MRF.CELRK.flowering.pod.2.2.rhizosphere_S86_L001,79,MRC,CELRK,flowering/pod,2,2,8/2/18,rhizosphere,MRF_CELRK_flowering_pod_2_2_rhizosphere,3,sample,Griffith,MRF.CELRK.flowering.pod.2.2.rhizosphere_S86_L001,FALSE
MRF.CELRK.flowering.pod.3.1.rhizoplane_S129_L001,206,MRC,CELRK,flowering/pod,3,1,8/2/18,rhizoplane,MRF_CELRK_flowering_pod_3_1_rhizoplane,3,sample,Griffith,MRF.CELRK.flowering.pod.3.1.rhizoplane_S129_L001,FALSE
MRF.CELRK.flowering.pod.3.1.rhizosphere_S124_L001,81,MRC,CELRK,flowering/pod,3,1,8/2/18,rhizosphere,MRF_CELRK_flowering_pod_3_1_rhizosphere,3,sample,Griffith,MRF.CELRK.flowering.pod.3.1.rhizosphere_S124_L001,FALSE
MRF.CELRK.flowering.pod.3.2.rhizoplane_S92_L001,207,MRC,CELRK,flowering/pod,3,2,8/2/18,rhizoplane,MRF_CELRK_flowering_pod_3_2_rhizoplane,3,sample,Griffith,MRF.CELRK.flowering.pod.3.2.rhizoplane_S92_L001,FALSE
MRF.CELRK.flowering.pod.3.2.rhizosphere_S93_L001,82,MRC,CELRK,flowering/pod,3,2,8/2/18,rhizosphere,MRF_CELRK_flowering_pod_3_2_rhizosphere,3,sample,Griffith,MRF.CELRK.flowering.pod.3.2.rhizosphere_S93_L001,FALSE
MRF.CELRK.pod.1.1.rhizoplane_S140_L001,202,MRC,CELRK,pod,1,1,8/2/18,rhizoplane,MRF_CELRK_pod_1_1_rhizoplane,4,sample,Griffith,MRF.CELRK.pod.1.1.rhizoplane_S140_L001,FALSE
MRF.CELRK.pod.1.1.rhizosphere_S54_L001,77,MRC,CELRK,pod,1,1,8/2/18,rhizosphere,MRF_CELRK_pod_1_1_rhizosphere,4,sample,Griffith,MRF.CELRK.pod.1.1.rhizosphere_S54_L001,FALSE
MRF.CELRK.pod.2.1.rhizoplane_S118_L001,203,MRC,CELRK,pod,2,1,8/2/18,rhizoplane,MRF_CELRK_pod_2_1_rhizoplane,4,sample,Griffith,MRF.CELRK.pod.2.1.rhizoplane_S118_L001,FALSE
MRF.CELRK.pod.2.1.rhizosphere_S68_L001,78,MRC,CELRK,pod,2,1,8/2/18,rhizosphere,MRF_CELRK_pod_2_1_rhizosphere,4,sample,Griffith,MRF.CELRK.pod.2.1.rhizosphere_S68_L001,FALSE
MRF.CELRK.pod.2.3.rhizoplane_S5_L001,205,MRC,CELRK,pod,2,3,8/2/18,rhizoplane,MRF_CELRK_pod_2_3_rhizoplane,4,sample,Griffith,MRF.CELRK.pod.2.3.rhizoplane_S5_L001,FALSE
MRF.CELRK.pod.2.3.rhizosphere_S107_L001,80,MRC,CELRK,pod,2,3,8/2/18,rhizosphere,MRF_CELRK_pod_2_3_rhizosphere,4,sample,Griffith,MRF.CELRK.pod.2.3.rhizosphere_S107_L001,FALSE
MRF.CELRK.V2.1.1.rhizoplane_S30_L001,217,MRC,CELRK,V2,1,1,7/2/18,rhizoplane,MRF_CELRK_V2_1_1_rhizoplane,1,sample,Griffith,MRF.CELRK.V2.1.1.rhizoplane_S30_L001,FALSE
MRF.CELRK.V2.1.1.rhizosphere_S118_L001,11,MRC,CELRK,V2,1,1,7/2/18,rhizosphere,MRC_CELRK_V2_1_1_rhizosphere,1,sample,Griffith,MRF.CELRK.V2.1.1.rhizosphere_S118_L001,FALSE
MRF.CELRK.V2.1.2.rhizoplane_S121_L001,218,MRC,CELRK,V2,1,2,7/2/18,rhizoplane,MRF_CELRK_V2_1_2_rhizoplane,1,sample,Griffith,MRF.CELRK.V2.1.2.rhizoplane_S121_L001,FALSE
MRF.CELRK.V2.1.2.rhizosphere_S58_L001,12,MRC,CELRK,V2,1,2,7/2/18,rhizosphere,MRC_CELRK_V2_1_2_rhizosphere,1,sample,Griffith,MRF.CELRK.V2.1.2.rhizosphere_S58_L001,FALSE
MRF.CELRK.V2.2.1.rhizoplane_S76_L001,220,MRC,CELRK,V2,2,1,7/2/18,rhizoplane,MRF_CELRK_V2_2_1_rhizoplane,1,sample,Griffith,MRF.CELRK.V2.2.1.rhizoplane_S76_L001,FALSE
MRF.CELRK.V2.2.1.rhizosphere_S76_L001,13,MRC,CELRK,V2,2,1,7/2/18,rhizosphere,MRC_CELRK_V2_2_1_rhizosphere,1,sample,Griffith,MRF.CELRK.V2.2.1.rhizosphere_S76_L001,FALSE
MRF.CELRK.V2.2.2.rhizoplane_S62_L001,221,MRC,CELRK,V2,2,2,7/2/18,rhizoplane,MRF_CELRK_V2_2_2_rhizoplane,1,sample,Griffith,MRF.CELRK.V2.2.2.rhizoplane_S62_L001,FALSE
MRF.CELRK.V2.2.2.rhizosphere_S16_L001,14,MRC,CELRK,V2,2,2,7/2/18,rhizosphere,MRC_CELRK_V2_2_2_rhizosphere,1,sample,Griffith,MRF.CELRK.V2.2.2.rhizosphere_S16_L001,FALSE
MRF.CELRK.V2.2.3.rhizoplane_S111_L001,222,MRC,CELRK,V2,2,3,7/2/18,rhizoplane,MRF_CELRK_V2_2_3_rhizoplane,1,sample,Griffith,MRF.CELRK.V2.2.3.rhizoplane_S111_L001,FALSE
MRF.CELRK.V2.2.3.rhizosphere_S24_L001,15,MRC,CELRK,V2,2,3,7/2/18,rhizosphere,MRC_CELRK_V2_2_3_rhizosphere,1,sample,Griffith,MRF.CELRK.V2.2.3.rhizosphere_S24_L001,FALSE
MRF.CELRK.V2.3.1.rhizoplane_S27_L001,223,MRC,CELRK,V2,3,1,7/2/18,rhizoplane,MRF_CELRK_V2_3_1_rhizoplane,1,sample,Griffith,MRF.CELRK.V2.3.1.rhizoplane_S27_L001,FALSE
MRF.CELRK.V2.3.1.rhizosphere_S61_L001,16,MRC,CELRK,V2,3,1,7/2/18,rhizosphere,MRC_CELRK_V2_3_1_rhizosphere,1,sample,Griffith,MRF.CELRK.V2.3.1.rhizosphere_S61_L001,FALSE
MRF.CELRK.V2.3.2.rhizoplane_S122_L001,224,MRC,CELRK,V2,3,2,7/2/18,rhizoplane,MRF_CELRK_V2_3_2_rhizoplane,1,sample,Griffith,MRF.CELRK.V2.3.2.rhizoplane_S122_L001,FALSE
MRF.CELRK.V2.3.2.rhizosphere_S92_L001,17,MRC,CELRK,V2,3,2,7/2/18,rhizosphere,MRC_CELRK_V2_3_2_rhizosphere,1,sample,Griffith,MRF.CELRK.V2.3.2.rhizosphere_S92_L001,FALSE
MRF.CELRK.V2.3.3.rhizoplane_S113_L001,225,MRC,CELRK,V2,3,3,7/2/18,rhizoplane,MRF_CELRK_V2_3_3_rhizoplane,1,sample,Griffith,MRF.CELRK.V2.3.3.rhizoplane_S113_L001,FALSE
MRF.CELRK.V2.3.3.rhizosphere_S120_L001,18,MRC,CELRK,V2,3,3,7/2/18,rhizosphere,MRC_CELRK_V2_3_3_rhizosphere,1,sample,Griffith,MRF.CELRK.V2.3.3.rhizosphere_S120_L001,FALSE
MRF.CELRK.V5.1.1.rhizoplane_S3_L001,242,MRC,CELRK,V5,1,1,7/10/18,rhizoplane,MRF_CELRK_V5_1_1_rhizoplane,2,sample,Griffith,MRF.CELRK.V5.1.1.rhizoplane_S3_L001,FALSE
MRF.CELRK.V5.1.2.rhizoplane_S136_L001,243,MRC,CELRK,V5,1,2,7/10/18,rhizoplane,MRF_CELRK_V5_1_2_rhizoplane,2,sample,Griffith,MRF.CELRK.V5.1.2.rhizoplane_S136_L001,FALSE
MRF.CELRK.V5.1.3.rhizoplane_S60_L001,244,MRC,CELRK,V5,1,3,7/10/18,rhizoplane,MRF_CELRK_V5_1_3_rhizoplane,2,sample,Griffith,MRF.CELRK.V5.1.3.rhizoplane_S60_L001,FALSE
MRF.CELRK.V5.2.1.rhizoplane_S32_L001,245,MRC,CELRK,V5,2,1,7/10/18,rhizoplane,MRF_CELRK_V5_2_1_rhizoplane,2,sample,Griffith,MRF.CELRK.V5.2.1.rhizoplane_S32_L001,FALSE
MRF.CELRK.V5.2.2.rhizoplane_S109_L001,246,MRC,CELRK,V5,2,2,7/10/18,rhizoplane,MRF_CELRK_V5_2_2_rhizoplane,2,sample,Griffith,MRF.CELRK.V5.2.2.rhizoplane_S109_L001,FALSE
MRF.CELRK.V5.2.3.rhizoplane_S10_L001,247,MRC,CELRK,V5,2,3,7/10/18,rhizoplane,MRF_CELRK_V5_2_3_rhizoplane,2,sample,Griffith,MRF.CELRK.V5.2.3.rhizoplane_S10_L001,FALSE
MRF.CELRK.V5.3.1.rhizoplane_S80_L001,248,MRC,CELRK,V5,3,1,7/10/18,rhizoplane,MRF_CELRK_V5_3_1_rhizoplane,2,sample,Griffith,MRF.CELRK.V5.3.1.rhizoplane_S80_L001,FALSE
MRF.CELRK.V5.3.2.rhizoplane_S85_L001,249,MRC,CELRK,V5,3,2,7/10/18,rhizoplane,MRF_CELRK_V5_3_2_rhizoplane,2,sample,Griffith,MRF.CELRK.V5.3.2.rhizoplane_S85_L001,FALSE
MRF.CELRK.V5.3.3.rhizoplane_S67_L001,250,MRC,CELRK,V5,3,3,7/10/18,rhizoplane,MRF_CELRK_V5_3_3_rhizoplane,2,sample,Griffith,MRF.CELRK.V5.3.3.rhizoplane_S67_L001,FALSE
MRF.Eclipse.flowering.pod.1.1.rhizoplane_S137_L001,208,MRC,Eclipse,flowering/pod,1,1,8/2/18,rhizoplane,MRF_Eclipse_flowering_pod_1_1_rhizoplane,3,sample,Griffith,MRF.Eclipse.flowering.pod.1.1.rhizoplane_S137_L001,FALSE
MRF.Eclipse.flowering.pod.1.1.rhizosphere_S17_L001,83,MRC,Eclipse,flowering/pod,1,1,8/2/18,rhizosphere,MRF_Eclipse_flowering_pod_1_1_rhizosphere,3,sample,Griffith,MRF.Eclipse.flowering.pod.1.1.rhizosphere_S17_L001,FALSE
MRF.Eclipse.flowering.pod.1.2.rhizoplane_S68_L001,209,MRC,Eclipse,flowering/pod,1,2,8/2/18,rhizoplane,MRF_Eclipse_flowering_pod_1_2_rhizoplane,3,sample,Griffith,MRF.Eclipse.flowering.pod.1.2.rhizoplane_S68_L001,FALSE
MRF.Eclipse.flowering.pod.1.2.rhizosphere_S43_L001,84,MRC,Eclipse,flowering/pod,1,2,8/2/18,rhizosphere,MRF_Eclipse_flowering_pod_1_2_rhizosphere,3,sample,Griffith,MRF.Eclipse.flowering.pod.1.2.rhizosphere_S43_L001,FALSE
MRF.Eclipse.flowering.pod.1.3.rhizoplane_S100_L001,210,MRC,Eclipse,flowering/pod,1,3,8/2/18,rhizoplane,MRF_Eclipse_flowering_pod_1_3_rhizoplane,3,sample,Griffith,MRF.Eclipse.flowering.pod.1.3.rhizoplane_S100_L001,FALSE
MRF.Eclipse.flowering.pod.1.3.rhizosphere_S52_L001,85,MRC,Eclipse,flowering/pod,1,3,8/2/18,rhizosphere,MRF_Eclipse_flowering_pod_1_3_rhizosphere,3,sample,Griffith,MRF.Eclipse.flowering.pod.1.3.rhizosphere_S52_L001,FALSE
MRF.Eclipse.flowering.pod.2.1.rhizoplane_S108_L001,211,MRC,Eclipse,flowering/pod,2,1,8/2/18,rhizoplane,MRF_Eclipse_flowering_pod_2_1_rhizoplane,3,sample,Griffith,MRF.Eclipse.flowering.pod.2.1.rhizoplane_S108_L001,FALSE
MRF.Eclipse.flowering.pod.2.1.rhizosphere_S70_L001,86,MRC,Eclipse,flowering/pod,2,1,8/2/18,rhizosphere,MRF_Eclipse_flowering_pod_2_1_rhizosphere,3,sample,Griffith,MRF.Eclipse.flowering.pod.2.1.rhizosphere_S70_L001,FALSE
MRF.Eclipse.flowering.pod.2.2.rhizoplane_S97_L001,212,MRC,Eclipse,flowering/pod,2,2,8/2/18,rhizoplane,MRF_Eclipse_flowering_pod_2_2_rhizoplane,3,sample,Griffith,MRF.Eclipse.flowering.pod.2.2.rhizoplane_S97_L001,FALSE
MRF.Eclipse.flowering.pod.2.2.rhizosphere_S104_L001,87,MRC,Eclipse,flowering/pod,2,2,8/2/18,rhizosphere,MRF_Eclipse_flowering_pod_2_2_rhizosphere,3,sample,Griffith,MRF.Eclipse.flowering.pod.2.2.rhizosphere_S104_L001,FALSE
MRF.Eclipse.flowering.pod.2.3.rhizosphere_S40_L001,88,MRC,Eclipse,flowering/pod,2,3,8/2/18,rhizosphere,MRF_Eclipse_flowering_pod_2_3_rhizosphere,3,sample,Griffith,MRF.Eclipse.flowering.pod.2.3.rhizosphere_S40_L001,FALSE
MRF.Eclipse.flowering.pod.3.1.rhizoplane_S28_L001,214,MRC,Eclipse,flowering/pod,3,1,8/2/18,rhizoplane,MRF_Eclipse_flowering_pod_3_1_rhizoplane,3,sample,Griffith,MRF.Eclipse.flowering.pod.3.1.rhizoplane_S28_L001,FALSE
MRF.Eclipse.flowering.pod.3.1.rhizosphere_S36_L001,89,MRC,Eclipse,flowering/pod,3,1,8/2/18,rhizosphere,MRF_Eclipse_flowering_pod_3_1_rhizosphere,3,sample,Griffith,MRF.Eclipse.flowering.pod.3.1.rhizosphere_S36_L001,FALSE
MRF.Eclipse.flowering.pod.3.2.rhizoplane_S59_L001,215,MRC,Eclipse,flowering/pod,3,2,8/2/18,rhizoplane,MRF_Eclipse_flowering_pod_3_2_rhizoplane,3,sample,Griffith,MRF.Eclipse.flowering.pod.3.2.rhizoplane_S59_L001,FALSE
MRF.Eclipse.flowering.pod.3.2.rhizosphere_S29_L001,90,MRC,Eclipse,flowering/pod,3,2,8/2/18,rhizosphere,MRF_Eclipse_flowering_pod_3_2_rhizosphere,3,sample,Griffith,MRF.Eclipse.flowering.pod.3.2.rhizosphere_S29_L001,FALSE
MRF.Eclipse.flowering.pod.3.3.rhizoplane_S22_L001,216,MRC,Eclipse,flowering/pod,3,3,8/2/18,rhizoplane,MRF_Eclipse_flowering_pod_3_3_rhizoplane,3,sample,Griffith,MRF.Eclipse.flowering.pod.3.3.rhizoplane_S22_L001,FALSE
MRF.Eclipse.flowering.pod.3.3.rhizosphere_S110_L001,91,MRC,Eclipse,flowering/pod,3,3,8/2/18,rhizosphere,MRF_Eclipse_flowering_pod_3_3_rhizosphere,3,sample,Griffith,MRF.Eclipse.flowering.pod.3.3.rhizosphere_S110_L001,FALSE
MRF.Eclipse.pod.1.1.rhizoplane_S55_L001,186,MRC,Eclipse,pod,1,1,9/6/18,rhizoplane,MRF_Eclipse_pod_1_1_rhizoplane,4,sample,Griffith,MRF.Eclipse.pod.1.1.rhizoplane_S55_L001,FALSE
MRF.Eclipse.pod.1.1.rhizosphere_S8_L001,61,MRC,Eclipse,pod,1,1,9/6/18,rhizosphere,MRF_Eclipse_pod_1_1_rhizosphere,4,sample,Griffith,MRF.Eclipse.pod.1.1.rhizosphere_S8_L001,FALSE
MRF.Eclipse.pod.2.1.rhizoplane_S88_L001,189,MRC,Eclipse,pod,2,1,9/6/18,rhizoplane,MRF_Eclipse_pod_2_1_rhizoplane,4,sample,Griffith,MRF.Eclipse.pod.2.1.rhizoplane_S88_L001,FALSE
MRF.Eclipse.pod.2.1.rhizosphere_S27_L001,64,MRC,Eclipse,pod,2,1,9/6/18,rhizosphere,MRF_Eclipse_pod_2_1_rhizosphere,4,sample,Griffith,MRF.Eclipse.pod.2.1.rhizosphere_S27_L001,FALSE
MRF.Eclipse.pod.2.2.rhizoplane_S95_L001,190,MRC,Eclipse,pod,2,2,9/6/18,rhizoplane,MRF_Eclipse_pod_2_2_rhizoplane,4,sample,Griffith,MRF.Eclipse.pod.2.2.rhizoplane_S95_L001,FALSE
MRF.Eclipse.pod.2.2.rhizosphere_S91_L001,65,MRC,Eclipse,pod,2,2,9/6/18,rhizosphere,MRF_Eclipse_pod_2_2_rhizosphere,4,sample,Griffith,MRF.Eclipse.pod.2.2.rhizosphere_S91_L001,FALSE
MRF.Eclipse.senesc.1.2.rhizoplane_S29_L001,187,MRC,Eclipse,senesc,1,2,9/6/18,rhizoplane,MRF_Eclipse_senesc_1_2_rhizoplane,5,sample,Griffith,MRF.Eclipse.senesc.1.2.rhizoplane_S29_L001,FALSE
MRF.Eclipse.senesc.1.2.rhizosphere_S56_L001,62,MRC,Eclipse,senesc,1,2,9/6/18,rhizosphere,MRF_Eclipse_senesc_1_2_rhizosphere,5,sample,Griffith,MRF.Eclipse.senesc.1.2.rhizosphere_S56_L001,FALSE
MRF.Eclipse.senesc.1.3.rhizoplane_S7_L001,188,MRC,Eclipse,senesc,1,3,9/6/18,rhizoplane,MRF_Eclipse_senesc_1_3_rhizoplane,5,sample,Griffith,MRF.Eclipse.senesc.1.3.rhizoplane_S7_L001,FALSE
MRF.Eclipse.senesc.1.3.rhizosphere_S34_L001,63,MRC,Eclipse,senesc,1,3,9/6/18,rhizosphere,MRF_Eclipse_senesc_1_3_rhizosphere,5,sample,Griffith,MRF.Eclipse.senesc.1.3.rhizosphere_S34_L001,FALSE
MRF.Eclipse.senesc.2.3.rhizoplane_S105_L001,191,MRC,Eclipse,senesc,2,3,9/6/18,rhizoplane,MRF_Eclipse_senesc_2_3_rhizoplane,5,sample,Griffith,MRF.Eclipse.senesc.2.3.rhizoplane_S105_L001,FALSE
MRF.Eclipse.senesc.2.3.rhizosphere_S19_L001,66,MRC,Eclipse,senesc,2,3,9/6/18,rhizosphere,MRF_Eclipse_senesc_2_3_rhizosphere,5,sample,Griffith,MRF.Eclipse.senesc.2.3.rhizosphere_S19_L001,FALSE
MRF.Eclipse.senesc.3.1.rhizoplane_S99_L001,192,MRC,Eclipse,senesc,3,1,9/6/18,rhizoplane,MRF_Eclipse_senesc_3_1_rhizoplane,5,sample,Griffith,MRF.Eclipse.senesc.3.1.rhizoplane_S99_L001,FALSE
MRF.Eclipse.senesc.3.1.rhizosphere_S62_L001,67,MRC,Eclipse,senesc,3,1,9/6/18,rhizosphere,MRF_Eclipse_senesc_3_1_rhizosphere,5,sample,Griffith,MRF.Eclipse.senesc.3.1.rhizosphere_S62_L001,FALSE
MRF.Eclipse.senesc.3.2.rhizoplane_S20_L001,193,MRC,Eclipse,senesc,3,2,9/6/18,rhizoplane,MRF_Eclipse_senesc_3_2_rhizoplane,5,sample,Griffith,MRF.Eclipse.senesc.3.2.rhizoplane_S20_L001,FALSE
MRF.Eclipse.senesc.3.2.rhizosphere_S116_L001,68,MRC,Eclipse,senesc,3,2,9/6/18,rhizosphere,MRF_Eclipse_senesc_3_2_rhizosphere,5,sample,Griffith,MRF.Eclipse.senesc.3.2.rhizosphere_S116_L001,FALSE
MRF.Eclipse.senesc.3.3.rhizoplane_S12_L001,194,MRC,Eclipse,senesc,3,3,9/6/18,rhizoplane,MRF_Eclipse_senesc_3_3_rhizoplane,5,sample,Griffith,MRF.Eclipse.senesc.3.3.rhizoplane_S12_L001,FALSE
MRF.Eclipse.senesc.3.3.rhizosphere_S55_L001,69,MRC,Eclipse,senesc,3,3,9/6/18,rhizosphere,MRF_Eclipse_senesc_3_3_rhizosphere,5,sample,Griffith,MRF.Eclipse.senesc.3.3.rhizosphere_S55_L001,FALSE
MRF.Eclipse.V2.1.1.rhizoplane_S84_L001,136,MRC,Eclipse,V2,1,1,7/2/18,rhizoplane,MRF_Eclipse_V2_1_1_rhizoplane,1,sample,Griffith,MRF.Eclipse.V2.1.1.rhizoplane_S84_L001,FALSE
MRF.Eclipse.V2.1.1.rhizosphere_S12_L001,92,MRC,Eclipse,V2,1,1,7/2/18,rhizosphere,MRF_Eclipse_V2_1_1_rhizosphere,1,sample,Griffith,MRF.Eclipse.V2.1.1.rhizosphere_S12_L001,FALSE
MRF.Eclipse.V2.1.2.rhizoplane_S89_L001,137,MRC,Eclipse,V2,1,2,7/2/18,rhizoplane,MRF_Eclipse_V2_1_2_rhizoplane,1,sample,Griffith,MRF.Eclipse.V2.1.2.rhizoplane_S89_L001,FALSE
MRF.Eclipse.V2.1.2.rhizosphere_S65_L001,93,MRC,Eclipse,V2,1,2,7/2/18,rhizosphere,MRF_Eclipse_V2_1_2_rhizosphere,1,sample,Griffith,MRF.Eclipse.V2.1.2.rhizosphere_S65_L001,FALSE
MRF.Eclipse.V2.1.3.rhizoplane_S93_L001,219,MRC,Eclipse,V2,1,3,7/2/18,rhizoplane,MRF_Eclipse_V2_1_3_rhizoplane,1,sample,Griffith,MRF.Eclipse.V2.1.3.rhizoplane_S93_L001,FALSE
MRF.Eclipse.V2.1.3.rhizosphere_S111_L001,94,MRC,Eclipse,V2,1,3,7/2/18,rhizosphere,MRF_Eclipse_V2_1_3_rhizosphere,1,sample,Griffith,MRF.Eclipse.V2.1.3.rhizosphere_S111_L001,FALSE
MRF.Eclipse.V2.2.1.rhizoplane_S77_L001,138,MRC,Eclipse,V2,2,1,7/2/18,rhizoplane,MRF_Eclipse_V2_2_1_rhizoplane,1,sample,Griffith,MRF.Eclipse.V2.2.1.rhizoplane_S77_L001,FALSE
MRF.Eclipse.V2.2.1.rhizosphere_S26_L001,95,MRC,Eclipse,V2,2,1,7/2/18,rhizosphere,MRF_Eclipse_V2_2_1_rhizosphere,1,sample,Griffith,MRF.Eclipse.V2.2.1.rhizosphere_S26_L001,FALSE
MRF.Eclipse.V2.2.2.rhizoplane_S39_L001,139,MRC,Eclipse,V2,2,2,7/2/18,rhizoplane,MRF_Eclipse_V2_2_2_rhizoplane,1,sample,Griffith,MRF.Eclipse.V2.2.2.rhizoplane_S39_L001,FALSE
MRF.Eclipse.V2.2.2.rhizosphere_S7_L001,96,MRC,Eclipse,V2,2,2,7/2/18,rhizosphere,MRF_Eclipse_V2_2_2_rhizosphere,1,sample,Griffith,MRF.Eclipse.V2.2.2.rhizosphere_S7_L001,FALSE
MRF.Eclipse.V2.2.3.rhizoplane_S11_L001,140,MRC,Eclipse,V2,2,3,7/2/18,rhizoplane,MRF_Eclipse_V2_2_3_rhizoplane,1,sample,Griffith,MRF.Eclipse.V2.2.3.rhizoplane_S11_L001,FALSE
MRF.Eclipse.V2.2.3.rhizosphere_S98_L001,97,MRC,Eclipse,V2,2,3,7/2/18,rhizosphere,MRF_Eclipse_V2_2_3_rhizosphere,1,sample,Griffith,MRF.Eclipse.V2.2.3.rhizosphere_S98_L001,FALSE
MRF.Eclipse.V2.3.1.rhizoplane_S104_L001,141,MRC,Eclipse,V2,3,1,7/2/18,rhizoplane,MRF_Eclipse_V2_3_1_rhizoplane,1,sample,Griffith,MRF.Eclipse.V2.3.1.rhizoplane_S104_L001,FALSE
MRF.Eclipse.V2.3.1.rhizosphere_S72_L001,98,MRC,Eclipse,V2,3,1,7/2/18,rhizosphere,MRF_Eclipse_V2_3_1_rhizosphere,1,sample,Griffith,MRF.Eclipse.V2.3.1.rhizosphere_S72_L001,FALSE
MRF.Eclipse.V2.3.2.rhizoplane_S56_L001,142,MRC,Eclipse,V2,3,2,7/2/18,rhizoplane,MRF_Eclipse_V2_3_2_rhizoplane,1,sample,Griffith,MRF.Eclipse.V2.3.2.rhizoplane_S56_L001,FALSE
MRF.Eclipse.V2.3.2.rhizosphere_S81_L001,99,MRC,Eclipse,V2,3,2,7/2/18,rhizosphere,MRF_Eclipse_V2_3_2_rhizosphere,1,sample,Griffith,MRF.Eclipse.V2.3.2.rhizosphere_S81_L001,FALSE
MRF.Eclipse.V2.3.3.rhizoplane_S69_L001,143,MRC,Eclipse,V2,3,3,7/2/18,rhizoplane,MRF_Eclipse_V2_3_3_rhizoplane,1,sample,Griffith,MRF.Eclipse.V2.3.3.rhizoplane_S69_L001,FALSE
MRF.Eclipse.V2.3.3.rhizosphere_S60_L001,100,MRC,Eclipse,V2,3,3,7/2/18,rhizosphere,MRF_Eclipse_V2_3_3_rhizosphere,1,sample,Griffith,MRF.Eclipse.V2.3.3.rhizosphere_S60_L001,FALSE
MRF.Eclipse.V5.1.1.rhizoplane_S90_L001,161,MRC,Eclipse,V5,1,1,7/10/18,rhizoplane,MRF_Eclipse_V5_1_1_rhizoplane,2,sample,Griffith,MRF.Eclipse.V5.1.1.rhizoplane_S90_L001,FALSE
MRF.Eclipse.V5.1.1.rhizosphere_S57_L001,36,MRC,Eclipse,V5,1,1,7/10/18,rhizosphere,MRC_Eclipse_V5_1_1_rhizosphere,2,sample,Griffith,MRF.Eclipse.V5.1.1.rhizosphere_S57_L001,FALSE
MRF.Eclipse.V5.1.2.rhizoplane_S26_L001,162,MRC,Eclipse,V5,1,2,7/10/18,rhizoplane,MRF_Eclipse_V5_1_2_rhizoplane,2,sample,Griffith,MRF.Eclipse.V5.1.2.rhizoplane_S26_L001,FALSE
MRF.Eclipse.V5.1.2.rhizosphere_S18_L001,37,MRC,Eclipse,V5,1,2,7/10/18,rhizosphere,MRC_Eclipse_V5_1_2_rhizosphere,2,sample,Griffith,MRF.Eclipse.V5.1.2.rhizosphere_S18_L001,FALSE
MRF.Eclipse.V5.1.3.rhizoplane_S119_L001,163,MRC,Eclipse,V5,1,3,7/10/18,rhizoplane,MRF_Eclipse_V5_1_3_rhizoplane,2,sample,Griffith,MRF.Eclipse.V5.1.3.rhizoplane_S119_L001,FALSE
MRF.Eclipse.V5.1.3.rhizosphere_S88_L001,38,MRC,Eclipse,V5,1,3,7/10/18,rhizosphere,MRF_Eclipse_V5_1_3_rhizosphere,2,sample,Griffith,MRF.Eclipse.V5.1.3.rhizosphere_S88_L001,FALSE
MRF.Eclipse.V5.2.1.rhizoplane_S132_L001,164,MRC,Eclipse,V5,2,1,7/10/18,rhizoplane,MRF_Eclipse_V5_2_1_rhizoplane,2,sample,Griffith,MRF.Eclipse.V5.2.1.rhizoplane_S132_L001,FALSE
MRF.Eclipse.V5.2.1.rhizosphere_S95_L001,39,MRC,Eclipse,V5,2,1,7/10/18,rhizosphere,MRF_Eclipse_V5_2_1_rhizosphere,2,sample,Griffith,MRF.Eclipse.V5.2.1.rhizosphere_S95_L001,FALSE
MRF.Eclipse.V5.2.2.rhizoplane_S103_L001,165,MRC,Eclipse,V5,2,2,7/10/18,rhizoplane,MRF_Eclipse_V5_2_2_rhizoplane,2,sample,Griffith,MRF.Eclipse.V5.2.2.rhizoplane_S103_L001,FALSE
MRF.Eclipse.V5.2.2.rhizosphere_S46_L001,40,MRC,Eclipse,V5,2,2,7/10/18,rhizosphere,MRF_Eclipse_V5_2_2_rhizosphere,2,sample,Griffith,MRF.Eclipse.V5.2.2.rhizosphere_S46_L001,FALSE
MRF.Eclipse.V5.2.3.rhizoplane_S47_L001,166,MRC,Eclipse,V5,2,3,7/10/18,rhizoplane,MRF_Eclipse_V5_2_3_rhizoplane,2,sample,Griffith,MRF.Eclipse.V5.2.3.rhizoplane_S47_L001,FALSE
MRF.Eclipse.V5.2.3.rhizosphere_S112_L001,41,MRC,Eclipse,V5,2,3,7/10/18,rhizosphere,MRF_Eclipse_V5_2_3_rhizosphere,2,sample,Griffith,MRF.Eclipse.V5.2.3.rhizosphere_S112_L001,FALSE
MRF.Eclipse.V5.3.1.rhizoplane_S63_L001,167,MRC,Eclipse,V5,3,1,7/10/18,rhizoplane,MRF_Eclipse_V5_3_1_rhizoplane,2,sample,Griffith,MRF.Eclipse.V5.3.1.rhizoplane_S63_L001,FALSE
MRF.Eclipse.V5.3.1.rhizosphere_S89_L001,42,MRC,Eclipse,V5,3,1,7/10/18,rhizosphere,MRF_Eclipse_V5_3_1_rhizosphere,2,sample,Griffith,MRF.Eclipse.V5.3.1.rhizosphere_S89_L001,FALSE
MRF.Eclipse.V5.3.2.rhizoplane_S120_L001,168,MRC,Eclipse,V5,3,2,7/10/18,rhizoplane,MRF_Eclipse_V5_3_2_rhizoplane,2,sample,Griffith,MRF.Eclipse.V5.3.2.rhizoplane_S120_L001,FALSE
MRF.Eclipse.V5.3.2.rhizosphere_S75_L001,43,MRC,Eclipse,V5,3,2,7/10/18,rhizosphere,MRF_Eclipse_V5_3_2_rhizosphere,2,sample,Griffith,MRF.Eclipse.V5.3.2.rhizosphere_S75_L001,FALSE
MRF.Eclipse.V5.3.3.rhizoplane_S130_L001,169,MRC,Eclipse,V5,3,3,7/10/18,rhizoplane,MRF_Eclipse_V5_3_3_rhizoplane,2,sample,Griffith,MRF.Eclipse.V5.3.3.rhizoplane_S130_L001,FALSE
MRF.Eclipse.V5.3.3.rhizosphere_S41_L001,44,MRC,Eclipse,V5,3,3,7/10/18,rhizosphere,MRF_Eclipse_V5_3_3_rhizosphere,2,sample,Griffith,MRF.Eclipse.V5.3.3.rhizosphere_S41_L001,FALSE
MRF.PowerSoil.120_S9_L001,120,MRC,Eclipse,V2,2,3,7/2/18,rhizosphere,MRF_extracted by PowerSoil_120,2,test,PowerSoil,MRF.PowerSoil.120_S9_L001,FALSE
MRF.PowerSoil.124_S40_L001,124,MRC,Eclipse,V2,3,2,7/2/18,rhizosphere,MRF_extracted by PowerSoil_124,2,test,PowerSoil,MRF.PowerSoil.124_S40_L001,FALSE
MRF.PowerSoil.36_S135_L001,36,MRC,Eclipse,V5,1,1,7/10/18,rhizosphere,MRF_extracted by PowerSoil_36,2,test,PowerSoil,MRF.PowerSoil.36_S135_L001,FALSE
MRF.PowerSoil.44_S50_L001,44,MRC,Eclipse,V5,3,3,7/10/18,rhizosphere,MRF_extracted by PowerSoil_44,2,test,PowerSoil,MRF.PowerSoil.44_S50_L001,FALSE
MRF.PowerSoil.61_S43_L001,61,MRC,Eclipse,pod,1,1,9/6/18,rhizosphere,MRF_extracted by PowerSoil_61,4,test,PowerSoil,MRF.PowerSoil.61_S43_L001,FALSE
MRF.PowerSoil.63_S35_L001,63,MRC,Eclipse,senesc,1,3,9/6/18,rhizosphere,MRF_extracted by PowerSoil_63,5,test,PowerSoil,MRF.PowerSoil.63_S35_L001,FALSE
MRF.PowerSoil.97_S134_L001,97,MRC,CELRK,V5,2,1,7/10/18,rhizosphere,MRF_extracted by PowerSoil_97,1,test,PowerSoil,MRF.PowerSoil.97_S134_L001,FALSE
MRF.PowerSoil.99_S8_L001,99,MRC,CELRK,V5,3,2,7/10/18,rhizosphere,MRF_extracted by PowerSoil_99,1,test,PowerSoil,MRF.PowerSoil.99_S8_L001,FALSE
SVERC.CELRK.dry.1.1.rhizoplane_S102_L001,226,SVERC,CELRK,dry,1,1,9/13/18,rhizoplane,SVERC_CELRK_dry_1_1_rhizoplane,6,sample,PowerSoil,SVERC.CELRK.dry.1.1.rhizoplane_S102_L001,FALSE
SVERC.CELRK.dry.1.1.rhizosphere_S90_L001,101,SVERC,CELRK,dry,1,1,9/13/18,rhizosphere,SVERC_CELRK_dry_1_1_rhizosphere,6,sample,PowerSoil,SVERC.CELRK.dry.1.1.rhizosphere_S90_L001,FALSE
SVERC.CELRK.dry.1.2.rhizosphere_S77_L001,102,SVERC,CELRK,dry,1,2,9/13/18,rhizosphere,SVERC_CELRK_dry_1_2_rhizosphere,6,sample,PowerSoil,SVERC.CELRK.dry.1.2.rhizosphere_S77_L001,FALSE
SVERC.CELRK.dry.1.3.rhizoplane_S53_L001,228,SVERC,CELRK,dry,1,3,9/13/18,rhizoplane,SVERC_CELRK_dry_1_3_rhizoplane,6,sample,PowerSoil,SVERC.CELRK.dry.1.3.rhizoplane_S53_L001,FALSE
SVERC.CELRK.dry.1.3.rhizosphere_S48_L001,103,SVERC,CELRK,dry,1,3,9/13/18,rhizosphere,SVERC_CELRK_dry_1_3_rhizosphere,6,sample,PowerSoil,SVERC.CELRK.dry.1.3.rhizosphere_S48_L001,FALSE
SVERC.CELRK.dry.2.1.rhizoplane_S57_L001,229,SVERC,CELRK,dry,2,1,9/13/18,rhizoplane,SVERC_CELRK_dry_2_1_rhizoplane,6,sample,PowerSoil,SVERC.CELRK.dry.2.1.rhizoplane_S57_L001,FALSE
SVERC.CELRK.dry.2.1.rhizosphere_S13_L001,104,SVERC,CELRK,dry,2,1,9/13/18,rhizosphere,SVERC_CELRK_dry_2_1_rhizosphere,6,sample,PowerSoil,SVERC.CELRK.dry.2.1.rhizosphere_S13_L001,FALSE
SVERC.CELRK.dry.2.2.rhizoplane_S58_L001,230,SVERC,CELRK,dry,2,2,9/13/18,rhizoplane,SVERC_CELRK_dry_2_2_rhizoplane,6,sample,PowerSoil,SVERC.CELRK.dry.2.2.rhizoplane_S58_L001,FALSE
SVERC.CELRK.dry.2.2.rhizosphere_S47_L001,105,SVERC,CELRK,dry,2,2,9/13/18,rhizosphere,SVERC_CELRK_dry_2_2_rhizosphere,6,sample,PowerSoil,SVERC.CELRK.dry.2.2.rhizosphere_S47_L001,FALSE
SVERC.CELRK.dry.3.1.rhizosphere_S74_L001,106,SVERC,CELRK,dry,3,1,9/13/18,rhizosphere,SVERC_CELRK_dry_3_1_rhizosphere,6,sample,PowerSoil,SVERC.CELRK.dry.3.1.rhizosphere_S74_L001,FALSE
SVERC.CELRK.dry.3.2.rhizosphere_S63_L001,107,SVERC,CELRK,dry,3,2,9/13/18,rhizosphere,SVERC_CELRK_dry_3_2_rhizosphere,6,sample,PowerSoil,SVERC.CELRK.dry.3.2.rhizosphere_S63_L001,FALSE
SVERC.CELRK.flow.3.1.rhizoplane_S126_L001,183,SVERC,CELRK,flow,3,1,8/23/18,rhizoplane,SVERC_CELRK_flow_3_1_rhizoplane,3,sample,PowerSoil,SVERC.CELRK.flow.3.1.rhizoplane_S126_L001,FALSE
SVERC.CELRK.flow.3.1.rhizosphere_S71_L001,58,SVERC,CELRK,flow,3,1,8/23/18,rhizosphere,SVERC_CELRK_flow_3_1_rhizosphere,3,sample,PowerSoil,SVERC.CELRK.flow.3.1.rhizosphere_S71_L001,FALSE
SVERC.CELRK.flow.pod.2.2.rhizoplane_S117_L001,182,SVERC,CELRK,flow/pod,2,2,8/23/18,rhizoplane,SVERC_CELRK_flow_pod_2_2_rhizoplane,3,sample,PowerSoil,SVERC.CELRK.flow.pod.2.2.rhizoplane_S117_L001,FALSE
SVERC.CELRK.flow.pod.2.2.rhizosphere_S80_L001,57,SVERC,CELRK,flow/pod,2,2,8/23/18,rhizosphere,SVERC_CELRK_flow_pod_2_2_rhizosphere,3,sample,PowerSoil,SVERC.CELRK.flow.pod.2.2.rhizosphere_S80_L001,FALSE
SVERC.CELRK.flow.pod.3.3.rhizoplane_S107_L001,185,SVERC,CELRK,flow/pod,3,3,8/23/18,rhizoplane,SVERC_CELRK_flow_pod_3_3_rhizoplane,3,sample,PowerSoil,SVERC.CELRK.flow.pod.3.3.rhizoplane_S107_L001,FALSE
SVERC.CELRK.flow.pod.3.3.rhizosphere_S119_L001,60,SVERC,CELRK,flow/pod,3,3,8/23/18,rhizosphere,SVERC_CELRK_flow_pod_3_3_rhizosphere,3,sample,PowerSoil,SVERC.CELRK.flow.pod.3.3.rhizosphere_S119_L001,FALSE
SVERC.CELRK.pod.1.1.rhizoplane_S127_L001,179,SVERC,CELRK,pod,1,1,8/23/18,rhizoplane,SVERC_CELRK_pod_1_1_rhizoplane,4,sample,PowerSoil,SVERC.CELRK.pod.1.1.rhizoplane_S127_L001,FALSE
SVERC.CELRK.pod.1.1.rhizosphere_S123_L001,54,SVERC,CELRK,pod,1,1,8/23/18,rhizosphere,SVERC_CELRK_pod_1_1_rhizosphere,4,sample,PowerSoil,SVERC.CELRK.pod.1.1.rhizosphere_S123_L001,FALSE
SVERC.CELRK.pod.1.2.rhizoplane_S72_L001,180,SVERC,CELRK,pod,1,2,8/23/18,rhizoplane,SVERC_CELRK_pod_1_2_rhizoplane,4,sample,PowerSoil,SVERC.CELRK.pod.1.2.rhizoplane_S72_L001,FALSE
SVERC.CELRK.pod.1.2.rhizosphere_S102_L001,55,SVERC,CELRK,pod,1,2,8/23/18,rhizosphere,SVERC_CELRK_pod_1_2_rhizosphere,4,sample,PowerSoil,SVERC.CELRK.pod.1.2.rhizosphere_S102_L001,FALSE
SVERC.CELRK.pod.2.1.rhizoplane_S79_L001,181,SVERC,CELRK,pod,2,1,8/23/18,rhizoplane,SVERC_CELRK_pod_2_1_rhizoplane,4,sample,PowerSoil,SVERC.CELRK.pod.2.1.rhizoplane_S79_L001,FALSE
SVERC.CELRK.pod.2.1.rhizosphere_S9_L001,56,SVERC,CELRK,pod,2,1,8/23/18,rhizosphere,SVERC_CELRK_pod_2_1_rhizosphere,4,sample,PowerSoil,SVERC.CELRK.pod.2.1.rhizosphere_S9_L001,FALSE
SVERC.CELRK.pod.3.2.rhizoplane_S98_L001,184,SVERC,CELRK,pod,3,2,8/23/18,rhizoplane,SVERC_CELRK_pod_3_2_rhizoplane,4,sample,PowerSoil,SVERC.CELRK.pod.3.2.rhizoplane_S98_L001,FALSE
SVERC.CELRK.pod.3.2.rhizosphere_S32_L001,59,SVERC,CELRK,pod,3,2,8/23/18,rhizosphere,SVERC_CELRK_pod_3_2_rhizosphere,4,sample,PowerSoil,SVERC.CELRK.pod.3.2.rhizosphere_S32_L001,FALSE
SVERC.CELRK.V2.1.3.rhizoplane_S54_L001,133,SVERC,CELRK,V2,1,3,7/6/18,rhizoplane,SVERC_CELRK_V2_1_3_rhizoplane,1,sample,PowerSoil,SVERC.CELRK.V2.1.3.rhizoplane_S54_L001,FALSE
SVERC.CELRK.V2.1.3.rhizosphere_S67_L001,8,SVERC,CELRK,V2,1,3,7/6/18,rhizosphere,SVERC_CELRK_V2_1_3_rhizosphere,1,sample,PowerSoil,SVERC.CELRK.V2.1.3.rhizosphere_S67_L001,FALSE
SVERC.CELRK.V2.2.2.rhizoplane_S49_L001,134,SVERC,CELRK,V2,2,2,7/6/18,rhizoplane,SVERC_CELRK_V2_2_2_rhizoplane,1,sample,PowerSoil,SVERC.CELRK.V2.2.2.rhizoplane_S49_L001,FALSE
SVERC.CELRK.V2.2.2.rhizosphere_S6_L001,9,SVERC,CELRK,V2,2,2,7/6/18,rhizosphere,SVERC_CELRK_V2_2_2_rhizosphere,1,sample,PowerSoil,SVERC.CELRK.V2.2.2.rhizosphere_S6_L001,FALSE
SVERC.CELRK.V2.2.3.rhizoplane_S36_L001,135,SVERC,CELRK,V2,2,3,7/6/18,rhizoplane,SVERC_CELRK_V2_2_3_rhizoplane,1,sample,PowerSoil,SVERC.CELRK.V2.2.3.rhizoplane_S36_L001,FALSE
SVERC.CELRK.V2.2.3.rhizosphere_S113_L001,10,SVERC,CELRK,V2,2,3,7/6/18,rhizosphere,SVERC_CELRK_V2_2_3_rhizosphere,1,sample,PowerSoil,SVERC.CELRK.V2.2.3.rhizosphere_S113_L001,FALSE
SVERC.CELRK.V5.1.1.rhizoplane_S33_L001,144,SVERC,CELRK,V5,1,1,7/6/18,rhizoplane,SVERC_CELRK_V5_1_1_rhizoplane,2,sample,PowerSoil,SVERC.CELRK.V5.1.1.rhizoplane_S33_L001,FALSE
SVERC.CELRK.V5.1.1.rhizosphere_S64_L001,19,SVERC,CELRK,V5,1,1,7/6/18,rhizosphere,SVERC_CELRK_V5_1_1_rhizosphere,2,sample,PowerSoil,SVERC.CELRK.V5.1.1.rhizosphere_S64_L001,FALSE
SVERC.CELRK.V5.1.2.rhizosphere_S59_L001,20,SVERC,CELRK,V5,1,2,7/6/18,rhizosphere,SVERC_CELRK_V5_1_2_rhizosphere,2,sample,PowerSoil,SVERC.CELRK.V5.1.2.rhizosphere_S59_L001,FALSE
SVERC.CELRK.V5.1.3.rhizoplane_S16_L001,146,SVERC,CELRK,V5,1,3,7/6/18,rhizoplane,SVERC_CELRK_V5_1_3_rhizoplane,2,sample,PowerSoil,SVERC.CELRK.V5.1.3.rhizoplane_S16_L001,FALSE
SVERC.CELRK.V5.1.3.rhizosphere_S115_L001,21,SVERC,CELRK,V5,1,3,7/6/18,rhizosphere,SVERC_CELRK_V5_1_3_rhizosphere,2,sample,PowerSoil,SVERC.CELRK.V5.1.3.rhizosphere_S115_L001,FALSE
SVERC.CELRK.V5.2.1.rhizoplane_S2_L001,147,SVERC,CELRK,V5,2,1,7/6/18,rhizoplane,SVERC_CELRK_V5_2_1_rhizoplane,2,sample,PowerSoil,SVERC.CELRK.V5.2.1.rhizoplane_S2_L001,FALSE
SVERC.CELRK.V5.2.1.rhizosphere_S82_L001,22,SVERC,CELRK,V5,2,1,7/6/18,rhizosphere,SVERC_CELRK_V5_2_1_rhizosphere,2,sample,PowerSoil,SVERC.CELRK.V5.2.1.rhizosphere_S82_L001,FALSE
SVERC.CELRK.V5.2.2.rhizoplane_S87_L001,148,SVERC,CELRK,V5,2,2,7/19/18,rhizoplane,SVERC_CELRK_V5_2_2_rhizoplane,2,sample,PowerSoil,SVERC.CELRK.V5.2.2.rhizoplane_S87_L001,FALSE
SVERC.CELRK.V5.2.2.rhizosphere_S10_L001,23,SVERC,CELRK,V5,2,2,7/19/18,rhizosphere,SVERC_CELRK_V5_2_2_rhizosphere,2,sample,PowerSoil,SVERC.CELRK.V5.2.2.rhizosphere_S10_L001,FALSE
SVERC.CELRK.V5.2.3.rhizoplane_S65_L001,149,SVERC,CELRK,V5,2,3,7/19/18,rhizoplane,SVERC_CELRK_V5_2_3_rhizoplane,2,sample,PowerSoil,SVERC.CELRK.V5.2.3.rhizoplane_S65_L001,FALSE
SVERC.CELRK.V5.2.3.rhizosphere_S117_L001,24,SVERC,CELRK,V5,2,3,7/19/18,rhizosphere,SVERC_CELRK_V5_2_3_rhizosphere,2,sample,PowerSoil,SVERC.CELRK.V5.2.3.rhizosphere_S117_L001,FALSE
SVERC.CELRK.V5.3.1.rhizoplane_S42_L001,150,SVERC,CELRK,V5,3,1,7/12/18,rhizoplane,SVERC_CELRK_V5_3_1_rhizoplane,2,sample,PowerSoil,SVERC.CELRK.V5.3.1.rhizoplane_S42_L001,FALSE
SVERC.CELRK.V5.3.1.rhizosphere_S84_L001,25,SVERC,CELRK,V5,3,1,7/12/18,rhizosphere,SVERC_CELRK_V5_3_1_rhizosphere,2,sample,PowerSoil,SVERC.CELRK.V5.3.1.rhizosphere_S84_L001,FALSE
SVERC.CELRK.V5.3.2.rhizoplane_S73_L001,151,SVERC,CELRK,V5,3,2,7/12/18,rhizoplane,SVERC_CELRK_V5_3_2_rhizoplane,2,sample,PowerSoil,SVERC.CELRK.V5.3.2.rhizoplane_S73_L001,FALSE
SVERC.CELRK.V5.3.2.rhizosphere_S101_L001,26,SVERC,CELRK,V5,3,2,7/12/18,rhizosphere,SVERC_CELRK_V5_3_2_rhizosphere,2,sample,PowerSoil,SVERC.CELRK.V5.3.2.rhizosphere_S101_L001,FALSE
SVERC.CELRK.V5.3.3.rhizoplane_S23_L001,152,SVERC,CELRK,V5,3,3,7/12/18,rhizoplane,SVERC_CELRK_V5_3_3_rhizoplane,2,sample,PowerSoil,SVERC.CELRK.V5.3.3.rhizoplane_S23_L001,FALSE
SVERC.CELRK.V5.3.3.rhizosphere_S106_L001,27,SVERC,CELRK,V5,3,3,7/12/18,rhizosphere,SVERC_CELRK_V5_3_3_rhizosphere,2,sample,PowerSoil,SVERC.CELRK.V5.3.3.rhizosphere_S106_L001,FALSE
SVERC.Eclipse.dry.1.1.rhizoplane_S15_L001,233,SVERC,Eclipse,dry,1,1,9/13/18,rhizoplane,SVERC_Eclipse_dry_1_1_rhizoplane,6,sample,PowerSoil,SVERC.Eclipse.dry.1.1.rhizoplane_S15_L001,FALSE
SVERC.Eclipse.dry.1.1.rhizosphere_S15_L001,108,SVERC,Eclipse,dry,1,1,9/13/18,rhizosphere,SVERC_Eclipse_dry_1_1_rhizosphere,6,sample,PowerSoil,SVERC.Eclipse.dry.1.1.rhizosphere_S15_L001,FALSE
SVERC.Eclipse.dry.1.2.rhizoplane_S17_L001,234,SVERC,Eclipse,dry,1,2,9/13/18,rhizoplane,SVERC_Eclipse_dry_1_2_rhizoplane,6,sample,PowerSoil,SVERC.Eclipse.dry.1.2.rhizoplane_S17_L001,FALSE
SVERC.Eclipse.dry.1.2.rhizosphere_S3_L001,109,SVERC,Eclipse,dry,1,2,9/13/18,rhizosphere,SVERC_Eclipse_dry_1_2_rhizosphere,6,sample,PowerSoil,SVERC.Eclipse.dry.1.2.rhizosphere_S3_L001,FALSE
SVERC.Eclipse.dry.1.3.rhizoplane_S106_L001,235,SVERC,Eclipse,dry,1,3,9/13/18,rhizoplane,SVERC_Eclipse_dry_1_3_rhizoplane,6,sample,PowerSoil,SVERC.Eclipse.dry.1.3.rhizoplane_S106_L001,FALSE
SVERC.Eclipse.dry.1.3.rhizosphere_S97_L001,110,SVERC,Eclipse,dry,1,3,9/13/18,rhizosphere,SVERC_Eclipse_dry_1_3_rhizosphere,6,sample,PowerSoil,SVERC.Eclipse.dry.1.3.rhizosphere_S97_L001,FALSE
SVERC.Eclipse.dry.2.1.rhizoplane_S46_L001,236,SVERC,Eclipse,dry,2,1,9/13/18,rhizoplane,SVERC_Eclipse_dry_2_1_rhizoplane,6,sample,PowerSoil,SVERC.Eclipse.dry.2.1.rhizoplane_S46_L001,FALSE
SVERC.Eclipse.dry.2.1.rhizosphere_S2_L001,111,SVERC,Eclipse,dry,2,1,9/13/18,rhizosphere,SVERC_Eclipse_dry_2_1_rhizosphere,6,sample,PowerSoil,SVERC.Eclipse.dry.2.1.rhizosphere_S2_L001,FALSE
SVERC.Eclipse.dry.2.2.rhizoplane_S110_L001,237,SVERC,Eclipse,dry,2,2,9/13/18,rhizoplane,SVERC_Eclipse_dry_2_2_rhizoplane,6,sample,PowerSoil,SVERC.Eclipse.dry.2.2.rhizoplane_S110_L001,FALSE
SVERC.Eclipse.dry.2.2.rhizosphere_S78_L001,112,SVERC,Eclipse,dry,2,2,9/13/18,rhizosphere,SVERC_Eclipse_dry_2_2_rhizosphere,6,sample,PowerSoil,SVERC.Eclipse.dry.2.2.rhizosphere_S78_L001,FALSE
SVERC.Eclipse.dry.2.3.rhizoplane_S61_L001,238,SVERC,Eclipse,dry,2,3,9/13/18,rhizoplane,SVERC_Eclipse_dry_2_3_rhizoplane,6,sample,PowerSoil,SVERC.Eclipse.dry.2.3.rhizoplane_S61_L001,FALSE
SVERC.Eclipse.dry.2.3.rhizosphere_S37_L001,113,SVERC,Eclipse,dry,2,3,9/13/18,rhizosphere,SVERC_Eclipse_dry_2_3_rhizosphere,6,sample,PowerSoil,SVERC.Eclipse.dry.2.3.rhizosphere_S37_L001,FALSE
SVERC.Eclipse.dry.3.1.rhizoplane_S34_L001,239,SVERC,Eclipse,dry,3,1,9/13/18,rhizoplane,SVERC_Eclipse_dry_3_1_rhizoplane,6,sample,PowerSoil,SVERC.Eclipse.dry.3.1.rhizoplane_S34_L001,FALSE
SVERC.Eclipse.dry.3.1.rhizosphere_S39_L001,114,SVERC,Eclipse,dry,3,1,9/13/18,rhizosphere,SVERC_Eclipse_dry_3_1_rhizosphere,6,sample,PowerSoil,SVERC.Eclipse.dry.3.1.rhizosphere_S39_L001,FALSE
SVERC.Eclipse.dry.3.2.rhizoplane_S19_L001,240,SVERC,Eclipse,dry,3,2,9/13/18,rhizoplane,SVERC_Eclipse_dry_3_2_rhizoplane,6,sample,PowerSoil,SVERC.Eclipse.dry.3.2.rhizoplane_S19_L001,FALSE
SVERC.Eclipse.dry.3.2.rhizosphere_S122_L001,115,SVERC,Eclipse,dry,3,2,9/13/18,rhizosphere,SVERC_Eclipse_dry_3_2_rhizosphere,6,sample,PowerSoil,SVERC.Eclipse.dry.3.2.rhizosphere_S122_L001,FALSE
SVERC.Eclipse.dry.3.3.rhizoplane_S128_L001,241,SVERC,Eclipse,dry,3,3,9/13/18,rhizoplane,SVERC_Eclipse_dry_3_3_rhizoplane,6,sample,PowerSoil,SVERC.Eclipse.dry.3.3.rhizoplane_S128_L001,FALSE
SVERC.Eclipse.dry.3.3.rhizosphere_S25_L001,116,SVERC,Eclipse,dry,3,3,9/13/18,rhizosphere,SVERC_Eclipse_dry_3_3_rhizosphere,6,sample,PowerSoil,SVERC.Eclipse.dry.3.3.rhizosphere_S25_L001,FALSE
SVERC.Eclipse.flowering.1.1.rhizoplane_S139_L001,170,SVERC,Eclipse,flowering,1,1,8/23/18,rhizoplane,SVERC_Eclipse_flowering_1_1_rhizoplane,3,sample,PowerSoil,SVERC.Eclipse.flowering.1.1.rhizoplane_S139_L001,FALSE
SVERC.Eclipse.flowering.1.1.rhizosphere_S103_L001,45,SVERC,Eclipse,flowering,1,1,8/23/18,rhizosphere,SVERC_Eclipse_flowering_1_1_rhizosphere,3,sample,PowerSoil,SVERC.Eclipse.flowering.1.1.rhizosphere_S103_L001,FALSE
SVERC.Eclipse.flowering.1.2.rhizoplane_S21_L001,171,SVERC,Eclipse,flowering,1,2,8/23/18,rhizoplane,SVERC_Eclipse_flowering_1_2_rhizoplane,3,sample,PowerSoil,SVERC.Eclipse.flowering.1.2.rhizoplane_S21_L001,FALSE
SVERC.Eclipse.flowering.1.2.rhizosphere_S30_L001,46,SVERC,Eclipse,flowering,1,2,8/23/18,rhizosphere,SVERC_Eclipse_flowering_1_2_rhizosphere,3,sample,PowerSoil,SVERC.Eclipse.flowering.1.2.rhizosphere_S30_L001,FALSE
SVERC.Eclipse.flowering.1.3.rhizoplane_S45_L001,172,SVERC,Eclipse,flowering,1,3,8/23/18,rhizoplane,SVERC_Eclipse_flowering_1_3_rhizoplane,3,sample,PowerSoil,SVERC.Eclipse.flowering.1.3.rhizoplane_S45_L001,FALSE
SVERC.Eclipse.flowering.1.3.rhizosphere_S50_L001,47,SVERC,Eclipse,flowering,1,3,8/23/18,rhizosphere,SVERC_Eclipse_flowering_1_3_rhizosphere,3,sample,PowerSoil,SVERC.Eclipse.flowering.1.3.rhizosphere_S50_L001,FALSE
SVERC.Eclipse.flowering.2.1.rhizoplane_S75_L001,173,SVERC,Eclipse,flowering,2,1,8/23/18,rhizoplane,SVERC_Eclipse_flowering_2_1_rhizoplane,3,sample,PowerSoil,SVERC.Eclipse.flowering.2.1.rhizoplane_S75_L001,FALSE
SVERC.Eclipse.flowering.2.1.rhizosphere_S83_L001,48,SVERC,Eclipse,flowering,2,1,8/23/18,rhizosphere,SVERC_Eclipse_flowering_2_1_rhizosphere,3,sample,PowerSoil,SVERC.Eclipse.flowering.2.1.rhizosphere_S83_L001,FALSE
SVERC.Eclipse.flowering.2.2.rhizoplane_S37_L001,174,SVERC,Eclipse,flowering,2,2,8/23/18,rhizoplane,SVERC_Eclipse_flowering_2_2_rhizoplane,3,sample,PowerSoil,SVERC.Eclipse.flowering.2.2.rhizoplane_S37_L001,FALSE
SVERC.Eclipse.flowering.2.2.rhizosphere_S14_L001,49,SVERC,Eclipse,flowering,2,2,8/23/18,rhizosphere,SVERC_Eclipse_flowering_2_2_rhizosphere,3,sample,PowerSoil,SVERC.Eclipse.flowering.2.2.rhizosphere_S14_L001,FALSE
SVERC.Eclipse.flowering.2.3.rhizoplane_S51_L001,175,SVERC,Eclipse,flowering,2,3,8/23/18,rhizoplane,SVERC_Eclipse_flowering_2_3_rhizoplane,3,sample,PowerSoil,SVERC.Eclipse.flowering.2.3.rhizoplane_S51_L001,FALSE
SVERC.Eclipse.flowering.2.3.rhizosphere_S66_L001,50,SVERC,Eclipse,flowering,2,3,8/23/18,rhizosphere,SVERC_Eclipse_flowering_2_3_rhizosphere,3,sample,PowerSoil,SVERC.Eclipse.flowering.2.3.rhizosphere_S66_L001,FALSE
SVERC.Eclipse.flowering.3.1.rhizoplane_S64_L001,176,SVERC,Eclipse,flowering,3,1,8/23/18,rhizoplane,SVERC_Eclipse_flowering_3_1_rhizoplane,3,sample,PowerSoil,SVERC.Eclipse.flowering.3.1.rhizoplane_S64_L001,FALSE
SVERC.Eclipse.flowering.3.1.rhizosphere_S99_L001,51,SVERC,Eclipse,flowering,3,1,8/23/18,rhizosphere,SVERC_Eclipse_flowering_3_1_rhizosphere,3,sample,PowerSoil,SVERC.Eclipse.flowering.3.1.rhizosphere_S99_L001,FALSE
SVERC.Eclipse.flowering.3.2.rhizoplane_S48_L001,177,SVERC,Eclipse,flowering,3,2,8/23/18,rhizoplane,SVERC_Eclipse_flowering_3_2_rhizoplane,3,sample,PowerSoil,SVERC.Eclipse.flowering.3.2.rhizoplane_S48_L001,FALSE
SVERC.Eclipse.flowering.3.2.rhizosphere_S100_L001,52,SVERC,Eclipse,flowering,3,2,8/23/18,rhizosphere,SVERC_Eclipse_flowering_3_2_rhizosphere,3,sample,PowerSoil,SVERC.Eclipse.flowering.3.2.rhizosphere_S100_L001,FALSE
SVERC.Eclipse.flowering.pod.3.3.rhizoplane_S78_L001,178,SVERC,Eclipse,flowering/pod,3,3,8/23/18,rhizoplane,SVERC_Eclipse_flowering_pod_3_3_rhizoplane,3,sample,PowerSoil,SVERC.Eclipse.flowering.pod.3.3.rhizoplane_S78_L001,FALSE
SVERC.Eclipse.flowering.pod.3.3.rhizosphere_S105_L001,53,SVERC,Eclipse,flowering/pod,3,3,8/23/18,rhizosphere,SVERC_Eclipse_flowering_pod_3_3_rhizosphere,3,sample,PowerSoil,SVERC.Eclipse.flowering.pod.3.3.rhizosphere_S105_L001,FALSE
SVERC.Eclipse.V2.1.2.rhizoplane_S1_L001,126,SVERC,Eclipse,V2,1,2,7/6/18,rhizoplane,SVERC_Eclipse_V2_1_2_rhizoplane,1,sample,PowerSoil,SVERC.Eclipse.V2.1.2.rhizoplane_S1_L001,FALSE
SVERC.Eclipse.V2.1.2.rhizosphere_S1_L001,1,SVERC,Eclipse,V2,1,2,7/6/18,rhizosphere,SVERC_Eclipse_V2_1_2_rhizosphere,1,sample,PowerSoil,SVERC.Eclipse.V2.1.2.rhizosphere_S1_L001,FALSE
SVERC.Eclipse.V2.1.3.rhizoplane_S52_L001,127,SVERC,Eclipse,V2,1,3,7/6/18,rhizoplane,SVERC_Eclipse_V2_1_3_rhizoplane,1,sample,PowerSoil,SVERC.Eclipse.V2.1.3.rhizoplane_S52_L001,FALSE
SVERC.Eclipse.V2.1.3.rhizosphere_S73_L001,2,SVERC,Eclipse,V2,1,3,7/6/18,rhizosphere,SVERC_Eclipse_V2_1_3_rhizosphere,1,sample,PowerSoil,SVERC.Eclipse.V2.1.3.rhizosphere_S73_L001,FALSE
SVERC.Eclipse.V2.2.2.rhizoplane_S13_L001,128,SVERC,Eclipse,V2,2,2,7/6/18,rhizoplane,SVERC_Eclipse_V2_2_2_rhizoplane,1,sample,PowerSoil,SVERC.Eclipse.V2.2.2.rhizoplane_S13_L001,FALSE
SVERC.Eclipse.V2.2.2.rhizosphere_S21_L001,3,SVERC,Eclipse,V2,2,2,7/6/18,rhizosphere,SVERC_Eclipse_V2_2_2_rhizosphere,1,sample,PowerSoil,SVERC.Eclipse.V2.2.2.rhizosphere_S21_L001,FALSE
SVERC.Eclipse.V2.2.3.rhizoplane_S91_L001,129,SVERC,Eclipse,V2,2,3,7/6/18,rhizoplane,SVERC_Eclipse_V2_2_3_rhizoplane,1,sample,PowerSoil,SVERC.Eclipse.V2.2.3.rhizoplane_S91_L001,FALSE
SVERC.Eclipse.V2.2.3.rhizosphere_S28_L001,4,SVERC,Eclipse,V2,2,3,7/6/18,rhizosphere,SVERC_Eclipse_V2_2_3_rhizosphere,1,sample,PowerSoil,SVERC.Eclipse.V2.2.3.rhizosphere_S28_L001,FALSE
SVERC.Eclipse.V2.3.1.rhizoplane_S71_L001,130,SVERC,Eclipse,V2,3,1,7/6/18,rhizoplane,SVERC_Eclipse_V2_3_1_rhizoplane,1,sample,PowerSoil,SVERC.Eclipse.V2.3.1.rhizoplane_S71_L001,FALSE
SVERC.Eclipse.V2.3.1.rhizosphere_S5_L001,5,SVERC,Eclipse,V2,3,1,7/6/18,rhizosphere,SVERC_Eclipse_V2_3_1_rhizosphere,1,sample,PowerSoil,SVERC.Eclipse.V2.3.1.rhizosphere_S5_L001,FALSE
SVERC.Eclipse.V2.3.2.rhizoplane_S83_L001,131,SVERC,Eclipse,V2,3,2,7/6/18,rhizoplane,SVERC_Eclipse_V2_3_2_rhizoplane,1,sample,PowerSoil,SVERC.Eclipse.V2.3.2.rhizoplane_S83_L001,FALSE
SVERC.Eclipse.V2.3.2.rhizosphere_S20_L001,6,SVERC,Eclipse,V2,3,2,7/6/18,rhizosphere,SVERC_Eclipse_V2_3_2_rhizosphere,1,sample,PowerSoil,SVERC.Eclipse.V2.3.2.rhizosphere_S20_L001,FALSE
SVERC.Eclipse.V2.3.3.rhizoplane_S131_L001,132,SVERC,Eclipse,V2,3,3,7/6/18,rhizoplane,SVERC_Eclipse_V2_3_3_rhizoplane,1,sample,PowerSoil,SVERC.Eclipse.V2.3.3.rhizoplane_S131_L001,FALSE
SVERC.Eclipse.V2.3.3.rhizosphere_S22_L001,7,SVERC,Eclipse,V2,3,3,7/6/18,rhizosphere,SVERC_Eclipse_V2_3_3_rhizosphere,1,sample,PowerSoil,SVERC.Eclipse.V2.3.3.rhizosphere_S22_L001,FALSE
SVERC.Eclipse.V5.1.1.rhizoplane_S6_L001,153,SVERC,Eclipse,V5,1,1,7/19/18,rhizoplane,SVERC_Eclipse_V5_1_1_rhizoplane,2,sample,PowerSoil,SVERC.Eclipse.V5.1.1.rhizoplane_S6_L001,FALSE
SVERC.Eclipse.V5.1.1.rhizosphere_S69_L001,28,SVERC,Eclipse,V5,1,1,7/19/18,rhizosphere,SVERC_Eclipse_V5_1_1_rhizosphere,2,sample,PowerSoil,SVERC.Eclipse.V5.1.1.rhizosphere_S69_L001,FALSE
SVERC.Eclipse.V5.1.2.rhizosphere_S121_L001,29,SVERC,Eclipse,V5,1,2,7/19/18,rhizosphere,SVERC_Eclipse_V5_1_2_rhizosphere,2,sample,PowerSoil,SVERC.Eclipse.V5.1.2.rhizosphere_S121_L001,FALSE
SVERC.Eclipse.V5.2.1.rhizoplane_S82_L001,155,SVERC,Eclipse,V5,2,1,7/12/19,rhizoplane,SVERC_Eclipse_V5_2_1_rhizoplane,2,sample,PowerSoil,SVERC.Eclipse.V5.2.1.rhizoplane_S82_L001,FALSE
SVERC.Eclipse.V5.2.1.rhizosphere_S33_L001,30,SVERC,Eclipse,V5,2,1,7/12/19,rhizosphere,SVERC_Eclipse_V5_2_1_rhizosphere,2,sample,PowerSoil,SVERC.Eclipse.V5.2.1.rhizosphere_S33_L001,FALSE
SVERC.Eclipse.V5.2.2.rhizoplane_S74_L001,156,SVERC,Eclipse,V5,2,2,7/19/18,rhizoplane,SVERC_Eclipse_V5_2_2_rhizoplane,2,sample,PowerSoil,SVERC.Eclipse.V5.2.2.rhizoplane_S74_L001,FALSE
SVERC.Eclipse.V5.2.2.rhizosphere_S79_L001,31,SVERC,Eclipse,V5,2,2,7/19/18,rhizosphere,SVERC_Eclipse_V5_2_2_rhizosphere,2,sample,PowerSoil,SVERC.Eclipse.V5.2.2.rhizosphere_S79_L001,FALSE
SVERC.Eclipse.V5.2.3.rhizoplane_S124_L001,157,SVERC,Eclipse,V5,2,3,7/19/18,rhizoplane,SVERC_Eclipse_V5_2_3_rhizoplane,2,sample,PowerSoil,SVERC.Eclipse.V5.2.3.rhizoplane_S124_L001,FALSE
SVERC.Eclipse.V5.2.3.rhizosphere_S87_L001,32,SVERC,Eclipse,V5,2,3,7/19/18,rhizosphere,SVERC_Eclipse_V5_2_3_rhizosphere,2,sample,PowerSoil,SVERC.Eclipse.V5.2.3.rhizosphere_S87_L001,FALSE
SVERC.Eclipse.V5.3.1.rhizoplane_S115_L001,158,SVERC,Eclipse,V5,3,1,7/12/18,rhizoplane,SVERC_Eclipse_V5_3_1_rhizoplane,2,sample,PowerSoil,SVERC.Eclipse.V5.3.1.rhizoplane_S115_L001,FALSE
SVERC.Eclipse.V5.3.1.rhizosphere_S31_L001,33,SVERC,Eclipse,V5,3,1,7/12/18,rhizosphere,SVERC_Eclipse_V5_3_1_rhizosphere,2,sample,PowerSoil,SVERC.Eclipse.V5.3.1.rhizosphere_S31_L001,FALSE
SVERC.Eclipse.V5.3.2.rhizoplane_S66_L001,159,SVERC,Eclipse,V5,3,2,7/12/18,rhizoplane,SVERC_Eclipse_V5_3_2_rhizoplane,2,sample,PowerSoil,SVERC.Eclipse.V5.3.2.rhizoplane_S66_L001,FALSE
SVERC.Eclipse.V5.3.2.rhizosphere_S38_L001,34,SVERC,Eclipse,V5,3,2,7/12/18,rhizosphere,SVERC_Eclipse_V5_3_2_rhizosphere,2,sample,PowerSoil,SVERC.Eclipse.V5.3.2.rhizosphere_S38_L001,FALSE
SVERC.Eclipse.V5.3.3.rhizoplane_S101_L001,160,SVERC,Eclipse,V5,3,3,7/19/18,rhizoplane,SVERC_Eclipse_V5_3_3_rhizoplane,2,sample,PowerSoil,SVERC.Eclipse.V5.3.3.rhizoplane_S101_L001,FALSE
SVERC.Eclipse.V5.3.3.rhizosphere_S51_L001,35,SVERC,Eclipse,V5,3,3,7/19/18,rhizosphere,SVERC_Eclipse_V5_3_3_rhizosphere,2,sample,PowerSoil,SVERC.Eclipse.V5.3.3.rhizosphere_S51_L001,FALSE
SVREC.CELRK.V2.1.1.rhizoplane_S116_L001,251,SVERC,CELRK,V2,1,1,6/28/18,rhizoplane,SVREC_CELRK_V2_1_1_rhizoplane,2,sample,PowerSoil,SVREC.CELRK.V2.1.1.rhizoplane_S116_L001,FALSE
SVREC.CELRK.V2.1.2.rhizoplane_S138_L001,252,SVERC,CELRK,V2,1,2,6/28/18,rhizoplane,SVREC_CELRK_V2_1_2_rhizoplane,1,sample,PowerSoil,SVREC.CELRK.V2.1.2.rhizoplane_S138_L001,FALSE
SVREC.CELRK.V2.2.1.rhizoplane_S96_L001,253,SVERC,CELRK,V2,2,1,6/28/18,rhizoplane,SVREC_CELRK_V2_2_1_rhizoplane,1,sample,PowerSoil,SVREC.CELRK.V2.2.1.rhizoplane_S96_L001,FALSE
SVREC.CELRK.V2.2.2.rhizoplane_S44_L001,254,SVERC,CELRK,V2,2,2,6/28/18,rhizoplane,SVREC_CELRK_V2_2_2_rhizoplane,1,sample,PowerSoil,SVREC.CELRK.V2.2.2.rhizoplane_S44_L001,FALSE
SVREC.CELRK.V2.2.3.rhizoplane_S94_L001,255,SVERC,CELRK,V2,2,3,6/28/18,rhizoplane,SVREC_CELRK_V2_2_3_rhizoplane,1,sample,PowerSoil,SVREC.CELRK.V2.2.3.rhizoplane_S94_L001,FALSE
SVREC.CELRK.V2.3.1.rhizoplane_S24_L001,256,SVERC,CELRK,V2,3,1,6/28/18,rhizoplane,SVREC_CELRK_V2_3_1_rhizoplane,1,sample,PowerSoil,SVREC.CELRK.V2.3.1.rhizoplane_S24_L001,FALSE
SVREC.Eclipse.V2.1.1.rhizoplane_S114_L001,258,SVERC,Eclipse,V2,1,1,6/28/18,rhizoplane,SVREC_Eclipse_V2_1_1_rhizoplane,1,sample,PowerSoil,SVREC.Eclipse.V2.1.1.rhizoplane_S114_L001,FALSE
SVREC.Eclipse.V2.2.1.rhizoplane_S70_L001,257,SVERC,Eclipse,V2,2,1,6/28/18,rhizoplane,SVREC_Eclipse_V2_2_1_rhizoplane,1,sample,PowerSoil,SVREC.Eclipse.V2.2.1.rhizoplane_S70_L001,FALSE